smartstart,1
autoeq,1
audioinfo,1
vumeter,1
vupeak,0
vubox,1
vustyle,0
vumidpct,50
vuhighpct,75
nameday,0
clockfont,1
clockfontmono,0
clockampm,0
softap,0
clocktts,1
clockttslang,EN
clockttsinterval,30
clockttsnostream,0
clockttsquietenabled,0
clockttsquietfrom,23:00
clockttsquietto,07:00
lsenabled,1
lsssena,1
lsmodel,0
lsbright,60
lscount,1
flipscreen,1
invertdisplay,1
screenon,1
brightness,80
contrast,55
numplaylist,1
playlistmovingcursor,1
directchannelchange,1
stationslistreturntime,3
screensaverenabled,1
screensaverblank,0
screensavertimeout,60
screensaverplayingenabled,0
screensaverplayingblank,0
screensaverplayingtimeout,300
fadeenabled,0
fadestartdelay,60
fadetarget,50
fadestep,8
fliptouch,0
xtouchmirroring,1
ytouchmirroring,0
dbgtouch,0
encodersindependent,0
oneclickswitching,0
irtlp,35
timeint,20
timeintrtc,24
showweather,1
wint,30
shortweather,0
watchdog,0
stallwatchdog,0
seriallittlefs,0
tzh,-5
tzm,0
sntp1,0.pool.ntp.org
sntp2,pool.ntp.org
lat,29.5
lon,-94.5
key,ca3d6480dca079f1e1a69e9941ab5165
dateformat,4
mdnsname,radio-8cec64