version,1,0,7
background,0,0,0
meta,0,194,255
metabg,0,0,0
metafill,0,214,255
title1,255,255,255
title2,222,250,0
bitrate,255,222,0
pmode,246,4,0
weather,255,137,123
weathericontxt,255,255,255
status_active,0,255,65
status_inactive,197,198,197
digit,255,250,213
clock,246,165,98
clockbg,24,28,24
seconds,246,165,98
div,246,165,98
date,139,250,246
vumax,205,40,41
vumid,246,238,0
vumin,57,214,16
vol_bg,0,0,0
vol_border,0,214,255
vol_inactive,197,198,197
vol_low,0,255,0
vol_mid,255,255,0
vol_high,255,0,0
vol_icon,98,218,246
wifi_bg,0,0,0
wifi_border,0,214,255
wifi_inactive,49,48,49
wifi_low,255,0,0
wifi_low_mid,255,141,0
wifi_mid,255,255,0
wifi_high,0,255,0
ip,238,246,246
ip_bg,8,12,8
ip_border,0,214,255
buff,255,0,0
buff_bg,8,12,8
buff_border,0,214,255
buff_inactive,197,198,197
buff_icon,139,242,246
rssi,238,242,246
rssi_bg,0,0,0
rssi_border,0,214,255
pl_current,139,234,255
pl_current_bg,0,0,0
pl_current_fill,0,0,0
playlist_0,115,113,115
playlist_1,90,89,90
playlist_2,57,56,57
playlist_3,32,32,32
playlist_4,24,24,24
prst_button,8,20,24
prst_card,8,20,24
prst_accent,0,32,65
prst_fav,41,255,74
prst_title1,255,255,255
prst_title2,156,153,156
prst_title3,148,149,148
prst_line,90,93,90
