button,bank0,bank1,bank2
0,0xE0E06798,0xFFFFFFFFFFFFFFFF,0xFFFFFFFFFFFFFFFF
1,0xE0E09D62,0xE0E016E9,0xFFFFFFFFFFFFFFFF
2,0xE0E01AE5,0xFFFFFFFFFFFFFFFF,0xFFFFFFFFFFFFFFFF
3,0xE0E048B7,0xE0E006F9,0xFFFFFFFFFFFFFFFF
4,0xE0E04BB4,0xFFFFFFFFFFFFFFFF,0xFFFFFFFFFFFFFFFF
5,0xE0E008F7,0xE0E08679,0xFFFFFFFFFFFFFFFF
6,0xE0E0D02F,0xE0E0A659,0xFFFFFFFFFFFFFFFF
7,0xE0E09E61,0xFFFFFFFFFFFFFFFF,0xFFFFFFFFFFFFFFFF
8,0xE0E0E01F,0xE0E046B9,0xFFFFFFFFFFFFFFFF
9,0xE0E05BA4,0xFFFFFFFFFFFFFFFF,0xFFFFFFFFFFFFFFFF
10,0xE0E0DB24,0xFFFFFFFFFFFFFFFF,0xFFFFFFFFFFFFFFFF
11,0xE0E03BC4,0xFFFFFFFFFFFFFFFF,0xFFFFFFFFFFFFFFFF
12,0xFFFFFFFFFFFFFFFF,0xFFFFFFFFFFFFFFFF,0xFFFFFFFFFFFFFFFF
13,0xFFFFFFFFFFFFFFFF,0xFFFFFFFFFFFFFFFF,0xFFFFFFFFFFFFFFFF
14,0xFFFFFFFFFFFFFFFF,0xFFFFFFFFFFFFFFFF,0xFFFFFFFFFFFFFFFF
15,0xFFFFFFFFFFFFFFFF,0xFFFFFFFFFFFFFFFF,0xFFFFFFFFFFFFFFFF
16,0xFFFFFFFFFFFFFFFF,0xFFFFFFFFFFFFFFFF,0xFFFFFFFFFFFFFFFF
17,0xFFFFFFFFFFFFFFFF,0xFFFFFFFFFFFFFFFF,0xFFFFFFFFFFFFFFFF
18,0xFFFFFFFFFFFFFFFF,0xFFFFFFFFFFFFFFFF,0xFFFFFFFFFFFFFFFF
19,0xFFFFFFFFFFFFFFFF,0xFFFFFFFFFFFFFFFF,0xFFFFFFFFFFFFFFFF
